<?xml version="1.0" encoding="UTF-8"?>  
  
<configuration scan="true" scanPeriod="60 seconds">  
    <appender name="stdout" class="ch.qos.logback.core.ConsoleAppender">  
        <encoder>  
            <pattern>%d{yyyy-M-d HH:mm:ss} %t %p %m%n</pattern>  
        </encoder>  
    </appender>  
    <appender name="springboot"  
        class="ch.qos.logback.core.rolling.RollingFileAppender">  
        <!-- <Encoding>UTF-8</Encoding> -->  
        <rollingPolicy class="ch.qos.logback.core.rolling.TimeBasedRollingPolicy">  
            <FileNamePattern>logs/logback/springboot_%d{yyyy-M-d}.log  
            </FileNamePattern>  
            <MaxHistory>10</MaxHistory>  
        </rollingPolicy>  
        <encoder>  
            <pattern>%d{yyyy-M-d HH:mm:ss} %t %p %m%n</pattern>  
        </encoder>  
    </appender>  
    <appender name="smile"  
        class="ch.qos.logback.core.rolling.RollingFileAppender">  
        <rollingPolicy class="ch.qos.logback.core.rolling.TimeBasedRollingPolicy">  
            <FileNamePattern>logs/logback/smile_%d{yyyy-M-d}.log  
            </FileNamePattern>  
            <MaxHistory>10</MaxHistory>  
        </rollingPolicy>  
        <encoder>  
            <pattern>%d{yyyy-M-d HH:mm:ss} %t %p %m%n</pattern>  
        </encoder>  
    </appender>  
  
    <logger name="org.springframework.boot" level="debug"  
        additivity="false">  
        <appender-ref ref="springboot" />  
    </logger>  
    <!-- name\u5305\u5fc5\u987b\u80fd\u591f\u626b\u63cf\u5230\u6240\u4ee5\u7c7b\uff0c\u5305\u62ec\u542f\u52a8\u7c7b -->  
    <logger name="com.example" level="debug" additivity="false">  
        <appender-ref ref="smile" />  
    </logger>  
    <root level="debug">  
        <appender-ref ref="stdout" />  
    </root>  
</configuration>    